Location ID,Field Sample ID,Start Depth,End Depth,Parameter Name,Report Result,Report Units,Lab Qualifier,Validation Qualifier,Leached,Detected,Ground Elevation,Date Sampled,Sample Matrix,Filtered,Sample Purpose,Location Group Name
S0776,S0776A3,1,1.5,Benzo(a)Pyrene,0.376,mg/kg,U,,N,N,7.2,7/16/2002,SOIL,N,REG,Example Area
S0776,S0776A3,1,1.5,Benzene,0.169,mg/kg,,,N,Y,7.2,7/16/2002,SOIL,N,REG,Example Area
S0776,S0776A3,1,1.5,Lead,9.35,mg/kg,,,N,Y,7.2,7/16/2002,SOIL,N,REG,Example Area
S0776,S0776A3,1,1.5,Total Organic Lead,0.66,mg/kg,J,J,N,Y,7.2,7/16/2002,SOIL,N,REG,Example Area
S0776,S0776C4,5.5,6,Benzo(a)Pyrene,0.383,mg/kg,U,,N,N,7.2,7/16/2002,SOIL,N,REG,Example Area
S0776,S0776C4,5.5,6,Benzene,0.128,mg/kg,U,,N,N,7.2,7/16/2002,SOIL,N,REG,Example Area
S0776,S0776C4,5.5,6,Lead,8.94,mg/kg,,,N,Y,7.2,7/16/2002,SOIL,N,REG,Example Area
S0776,S0776C4,5.5,6,Total Organic Lead,0.75,mg/kg,J,J,N,Y,7.2,7/16/2002,SOIL,N,REG,Example Area
S0776,S0776D4,7.5,8,Benzo(a)Pyrene,3.24,mg/kg,U,,N,N,7.2,7/16/2002,SOIL,N,REG,Example Area
S0776,S0776D4,7.5,8,Benzene,1.19,mg/kg,U,,N,N,7.2,7/16/2002,SOIL,N,REG,Example Area
S0776,S0776D4,7.5,8,Lead,16.7,mg/kg,,,N,Y,7.2,7/16/2002,SOIL,N,REG,Example Area
S0776,S0776D4,7.5,8,Total Organic Lead,7.1,mg/kg,J,J,N,Y,7.2,7/16/2002,SOIL,N,REG,Example Area
S0791,S0791A3T,1,1.5,Benzo(a)Pyrene,0.0774,mg/kg,,,N,Y,7,8/2/2002,SOIL,N,REG,Example Area
S0791,S0791A3T,1,1.5,Benzene,0.267,mg/kg,,,N,Y,7,8/2/2002,SOIL,N,REG,Example Area
S0791,S0791A3T,1,1.5,Lead,93.8,mg/kg,,,N,Y,7,8/2/2002,SOIL,N,REG,Example Area
S0791,S0791A3T,1,1.5,Arsenic,10,mg/kg,,,N,Y,7,8/2/2002,SOIL,N,REG,Example Area
S0791,S0791A3T,1,1.5,Total Organic Lead,0.84,mg/kg,J,J,N,Y,7,8/2/2002,SOIL,N,REG,Example Area
S0791,S0791B3L,3,3.5,Benzo(a)Pyrene,0.396,mg/kg,U,,N,N,7,8/2/2002,SOIL,N,REG,Example Area
S0791,S0791B3L,3,3.5,Lead,17.5,mg/kg,,,N,Y,7,8/2/2002,SOIL,N,REG,Example Area
S0791,S0791B3L,3,3.5,Arsenic,5.5,mg/kg,,,N,Y,7,8/2/2002,SOIL,N,REG,Example Area
S0791,S0791B3L,3,3.5,Total Organic Lead,0.55,mg/kg,J,J,N,Y,7,8/2/2002,SOIL,N,REG,Example Area
S0791,S0791B3T,3,3.5,Benzene,0.31,mg/kg,U,,N,N,7,8/2/2002,SOIL,N,REG,Example Area
S0791,S0791F4T,11.5,12,Benzo(a)Pyrene,0.382,mg/kg,U,,N,N,7,8/2/2002,SOIL,N,REG,Example Area
S0791,S0791F4T,11.5,12,Benzene,0.203,mg/kg,,,N,Y,7,8/2/2002,SOIL,N,REG,Example Area
S0791,S0791F4T,11.5,12,Lead,3.23,mg/kg,,,N,Y,7,8/2/2002,SOIL,N,REG,Example Area
S0791,S0791F4T,11.5,12,Arsenic,1.15,mg/kg,U,,N,N,7,8/2/2002,SOIL,N,REG,Example Area
S0791,S0791F4T,11.5,12,Total Organic Lead,0.65,mg/kg,J,J,N,Y,7,8/2/2002,SOIL,N,REG,Example Area
S0792,S0792A3L,1,1.5,Benzo(a)Pyrene,4.58,mg/kg,U,,N,N,5.8,8/1/2002,SOIL,N,REG,Example Area
S0792,S0792A3L,1,1.5,Lead,79.6,mg/kg,,,N,Y,5.8,8/1/2002,SOIL,N,REG,Example Area
S0792,S0792A3L,1,1.5,Arsenic,3.31,mg/kg,,,N,Y,5.8,8/1/2002,SOIL,N,REG,Example Area
S0792,S0792A3L,1,1.5,Total Organic Lead,0.54,mg/kg,J,J,N,Y,5.8,8/1/2002,SOIL,N,REG,Example Area
S0792,S0792A4,1.5,2,Benzene,5.88,mg/kg,,,N,Y,5.8,8/1/2002,SOIL,N,REG,Example Area
S0792,S0792C2,4.5,5,Benzo(a)Pyrene,0.428,mg/kg,U,,N,N,5.8,8/1/2002,SOIL,N,REG,Example Area
S0792,S0792C2,4.5,5,Benzene,0.243,mg/kg,,,N,Y,5.8,8/1/2002,SOIL,N,REG,Example Area
S0792,S0792C2,4.5,5,Lead,67.7,mg/kg,,,N,Y,5.8,8/1/2002,SOIL,N,REG,Example Area
S0792,S0792C2,4.5,5,Arsenic,43.7,mg/kg,,,N,Y,5.8,8/1/2002,SOIL,N,REG,Example Area
S0792,S0792C2,4.5,5,Total Organic Lead,0.49,mg/kg,U,U,N,N,5.8,8/1/2002,SOIL,N,REG,Example Area
S0792,S0792H4T,15.5,16,Total Organic Lead,0.74,mg/kg,J,J,N,Y,5.8,8/1/2002,SOIL,N,REG,Example Area
S0793,S0793A3T,1,1.5,Benzo(a)Pyrene,0.564,mg/kg,,,N,Y,5.3,8/2/2002,SOIL,N,REG,Example Area
S0793,S0793A3T,1,1.5,Benzene,0.293,mg/kg,,,N,Y,5.3,8/2/2002,SOIL,N,REG,Example Area
S0793,S0793A3T,1,1.5,Lead,1850,mg/kg,,,N,Y,5.3,8/2/2002,SOIL,N,REG,Example Area
S0793,S0793A3T,1,1.5,Arsenic,11.3,mg/kg,,,N,Y,5.3,8/2/2002,SOIL,N,REG,Example Area
S0793,S0793A3T,1,1.5,Total Organic Lead,0.97,mg/kg,J,J,N,Y,5.3,8/2/2002,SOIL,N,REG,Example Area
S0793,S0793B4L,3.5,4,Benzo(a)Pyrene,0.423,mg/kg,U,,N,N,5.3,8/2/2002,SOIL,N,REG,Example Area
S0793,S0793B4L,3.5,4,Benzene,1.02,mg/kg,,,N,Y,5.3,8/2/2002,SOIL,N,REG,Example Area
S0793,S0793B4L,3.5,4,Lead,2080,mg/kg,,,N,Y,5.3,8/2/2002,SOIL,N,REG,Example Area
S0793,S0793B4L,3.5,4,Arsenic,11.1,mg/kg,,,N,Y,5.3,8/2/2002,SOIL,N,REG,Example Area
S0793,S0793B4L,3.5,4,Total Organic Lead,3.2,mg/kg,,,N,Y,5.3,8/2/2002,SOIL,N,REG,Example Area
S0793,S0793F4T,11.5,12,Benzo(a)Pyrene,0.392,mg/kg,U,,N,N,5.3,8/2/2002,SOIL,N,REG,Example Area
S0793,S0793F4T,11.5,12,Benzene,0.16,mg/kg,U,,N,N,5.3,8/2/2002,SOIL,N,REG,Example Area
S0793,S0793F4T,11.5,12,Lead,14.4,mg/kg,,,N,Y,5.3,8/2/2002,SOIL,N,REG,Example Area
S0793,S0793F4T,11.5,12,Arsenic,3.47,mg/kg,,,N,Y,5.3,8/2/2002,SOIL,N,REG,Example Area
S0793,S0793F4T,11.5,12,Total Organic Lead,0.68,mg/kg,J,J,N,Y,5.3,8/2/2002,SOIL,N,REG,Example Area
S0794,S0794A2,0.5,1,Benzo(a)Pyrene,4.21,mg/kg,U,,N,N,5.4,7/31/2002,SOIL,N,REG,Example Area
S0794,S0794A2,0.5,1,Benzene,0.815,mg/kg,,,N,Y,5.4,7/31/2002,SOIL,N,REG,Example Area
S0794,S0794A2,0.5,1,Lead,5970,mg/kg,,,N,Y,5.4,7/31/2002,SOIL,N,REG,Example Area
S0794,S0794A2,0.5,1,Total Organic Lead,11.5,mg/kg,,,N,Y,5.4,7/31/2002,SOIL,N,REG,Example Area
S0794,S0794B1,2,2.5,Benzo(a)Pyrene,1.04,mg/kg,U,,N,N,5.4,7/31/2002,SOIL,N,REG,Example Area
S0794,S0794B1,2,2.5,Benzene,1.29,mg/kg,,,N,Y,5.4,7/31/2002,SOIL,N,REG,Example Area
S0794,S0794B1,2,2.5,Lead,6020,mg/kg,,,N,Y,5.4,7/31/2002,SOIL,N,REG,Example Area
S0794,S0794B1,2,2.5,Total Organic Lead,9.1,mg/kg,,,N,Y,5.4,7/31/2002,SOIL,N,REG,Example Area
S0794,S0794F2,10.5,11,Benzo(a)Pyrene,0.37,mg/kg,U,,N,N,5.4,7/31/2002,SOIL,N,REG,Example Area
S0794,S0794F2,10.5,11,Benzene,0.125,mg/kg,U,,N,N,5.4,7/31/2002,SOIL,N,REG,Example Area
S0794,S0794F2,10.5,11,Lead,64.7,mg/kg,,,N,Y,5.4,7/31/2002,SOIL,N,REG,Example Area
S1006,S1006A4,1.5,2,Benzene,0.34,mg/kg,J,J,N,Y,5.7,1/13/2003,SOIL,N,REG,Example Area
S1006,S1006A4,1.5,2,Lead,1260,mg/kg,,,N,Y,5.7,1/13/2003,SOIL,N,REG,Example Area
S1006,S1006A4,1.5,2,Total Organic Lead,3.4,mg/kg,,,N,Y,5.7,1/13/2003,SOIL,N,REG,Example Area
S1006,S1006B4,3.5,4,Benzene,0.4,mg/kg,J,J,N,Y,5.7,1/13/2003,SOIL,N,REG,Example Area
S1006,S1006B4,3.5,4,Lead,1780,mg/kg,,,N,Y,5.7,1/13/2003,SOIL,N,REG,Example Area
S1006,S1006B4,3.5,4,Total Organic Lead,4.6,mg/kg,,,N,Y,5.7,1/13/2003,SOIL,N,REG,Example Area
S1007,S1007A3,1,1.5,Lead,4430,mg/kg,,,N,Y,5.3,1/13/2003,SOIL,N,REG,Example Area
S1007,S1007A3,1,1.5,Arsenic,10.8,mg/kg,,,N,Y,5.3,1/13/2003,SOIL,N,REG,Example Area
S1007,S1007A3,1,1.5,Total Organic Lead,41.2,mg/kg,,,N,Y,5.3,1/13/2003,SOIL,N,REG,Example Area
S1007,S1007B3,3,3.5,Lead,225,mg/kg,,,N,Y,5.3,1/13/2003,SOIL,N,REG,Example Area
S1007,S1007B3,3,3.5,Arsenic,6,mg/kg,,,N,Y,5.3,1/13/2003,SOIL,N,REG,Example Area
S1007,S1007B3,3,3.5,Total Organic Lead,2.4,mg/kg,U,U,N,N,5.3,1/13/2003,SOIL,N,REG,Example Area
S1008,S1008A4,1.5,2,Benzene,8.9,mg/kg,,,N,Y,6,1/14/2003,SOIL,N,REG,Example Area
S1008,S1008A4,1.5,2,Lead,2580,mg/kg,,,N,Y,6,1/14/2003,SOIL,N,REG,Example Area
S1008,S1008A4,1.5,2,Arsenic,3.2,mg/kg,,,N,Y,6,1/14/2003,SOIL,N,REG,Example Area
S1008,S1008A4,1.5,2,Total Organic Lead,21.1,mg/kg,,,N,Y,6,1/14/2003,SOIL,N,REG,Example Area
S1008,S1008B3,3,3.5,Benzene,9.7,mg/kg,,,N,Y,6,1/14/2003,SOIL,N,REG,Example Area
S1008,S1008B3,3,3.5,Lead,1560,mg/kg,,,N,Y,6,1/14/2003,SOIL,N,REG,Example Area
S1008,S1008B3,3,3.5,Arsenic,4.8,mg/kg,,,N,Y,6,1/14/2003,SOIL,N,REG,Example Area
S1008,S1008B3,3,3.5,Total Organic Lead,3.2,mg/kg,U,U,N,N,6,1/14/2003,SOIL,N,REG,Example Area
S2140,S2140C3,5,5.5,Benzo(a)Pyrene,0.089,mg/kg,J,J,N,Y,5.5,12/7/2006,SOIL,N,REG,Example Area
S2140,S2140C3,5,5.5,Benzene,160,ug/l,,,Y,Y,5.5,12/7/2006,SOIL,N,REG,Example Area
S2140,S2140C3,5,5.5,Lead,3520,mg/kg,,,N,Y,5.5,12/7/2006,SOIL,N,REG,Example Area
S2140,S2140C3,5,5.5,Lead,20600,ug/l,,,Y,Y,5.5,12/7/2006,SOIL,N,REG,Example Area
S2140,S2140C3,5,5.5,Tetraethyl-lead,0.94,mg/kg,U,U,N,N,5.5,12/7/2006,SOIL,N,REG,Example Area
S2140,S2140H4,15.5,16,Benzo(a)Pyrene,0.04,mg/kg,U,U,N,N,5.5,12/7/2006,SOIL,N,REG,Example Area
S2140,S2140H4,15.5,16,Benzene,10,ug/l,U,U,Y,N,5.5,12/7/2006,SOIL,N,REG,Example Area
S2140,S2140H4,15.5,16,Benzene,0.074,mg/kg,U,U,N,N,5.5,12/7/2006,SOIL,N,REG,Example Area
S2140,S2140H4,15.5,16,Lead,31.6,mg/kg,,,N,Y,5.5,12/7/2006,SOIL,N,REG,Example Area
S2140,S2140H4,15.5,16,Lead,39,ug/l,,,Y,Y,5.5,12/7/2006,SOIL,N,REG,Example Area
S2140,S2140H4,15.5,16,Tetraethyl-lead,0.08,mg/kg,U,U,N,N,5.5,12/7/2006,SOIL,N,REG,Example Area
S2141,S2141B4,3.5,4,Lead,108,mg/kg,,,N,Y,6.1,12/7/2006,SOIL,N,REG,Example Area
S2141,S2141B4,3.5,4,Tetraethyl-lead,0.083,mg/kg,U,U,N,N,6.1,12/7/2006,SOIL,N,REG,Example Area
S2141,S2141D1,6,6.5,Lead,8.76,mg/kg,,,N,Y,6.1,12/7/2006,SOIL,N,REG,Example Area
S2141,S2141D1,6,6.5,Tetraethyl-lead,0.076,mg/kg,U,U,N,N,6.1,12/7/2006,SOIL,N,REG,Example Area
S2142,S2142B4,3.5,4,Lead,6250,mg/kg,,,N,Y,6.8,12/7/2006,SOIL,N,REG,Example Area
S2142,S2142B4,3.5,4,Tetraethyl-lead,0.88,mg/kg,U,U,N,N,6.8,12/7/2006,SOIL,N,REG,Example Area
S2142,S2142E2,8.5,9,Lead,322,mg/kg,,,N,Y,6.8,12/7/2006,SOIL,N,REG,Example Area
S2142,S2142E2,8.5,9,Tetraethyl-lead,0.091,mg/kg,U,U,N,N,6.8,12/7/2006,SOIL,N,REG,Example Area
S2143,S2143B1,2,2.5,Benzene,15,ug/l,J,J,Y,Y,5.8,12/7/2006,SOIL,N,REG,Example Area
S2143,S2143B1,2,2.5,Benzene,1.9,mg/kg,,,N,Y,5.8,12/7/2006,SOIL,N,REG,Example Area
S2143,S2143B1,2,2.5,Lead,4680,mg/kg,,,N,Y,5.8,12/7/2006,SOIL,N,REG,Example Area
S2143,S2143B1,2,2.5,Lead,21200,ug/l,,,Y,Y,5.8,12/7/2006,SOIL,N,REG,Example Area
S2143,S2143B1,2,2.5,Tetraethyl-lead,0.87,mg/kg,U,U,N,N,5.8,12/7/2006,SOIL,N,REG,Example Area
S2143,S2143D2,6.5,7,Benzene,36,ug/l,J,J,Y,Y,5.8,12/7/2006,SOIL,N,REG,Example Area
S2143,S2143D2,6.5,7,Benzene,4.7,mg/kg,,,N,Y,5.8,12/7/2006,SOIL,N,REG,Example Area
S2143,S2143D2,6.5,7,Lead,304,mg/kg,,,N,Y,5.8,12/7/2006,SOIL,N,REG,Example Area
S2143,S2143D2,6.5,7,Lead,33,ug/l,,,Y,Y,5.8,12/7/2006,SOIL,N,REG,Example Area
S2143,S2143D2,6.5,7,Tetraethyl-lead,0.38,mg/kg,U,U,N,N,5.8,12/7/2006,SOIL,N,REG,Example Area
S2144,S2144B4,3.5,4,Benzo(a)Pyrene,0.041,mg/kg,U,U,N,N,6.1,12/8/2006,SOIL,N,REG,Example Area
S2144,S2144B4,3.5,4,Benzene,0.75,mg/kg,J,J,N,Y,6.1,12/8/2006,SOIL,N,REG,Example Area
S2144,S2144B4,3.5,4,Lead,42.5,mg/kg,,,N,Y,6.1,12/8/2006,SOIL,N,REG,Example Area
S2144,S2144B4,3.5,4,Arsenic,8.83,mg/kg,,,N,Y,6.1,12/8/2006,SOIL,N,REG,Example Area
S2144,S2144D2,6.5,7,Benzo(a)Pyrene,0.11,mg/kg,U,U,N,N,6.1,12/8/2006,SOIL,N,REG,Example Area
S2144,S2144D2,6.5,7,Benzene,0.2,mg/kg,U,UJ,N,N,6.1,12/8/2006,SOIL,N,REG,Example Area
S2144,S2144D2,6.5,7,Lead,19.8,mg/kg,,,N,Y,6.1,12/8/2006,SOIL,N,REG,Example Area
S2144,S2144D2,6.5,7,Arsenic,8.8,mg/kg,,,N,Y,6.1,12/8/2006,SOIL,N,REG,Example Area
S2145,S2145C2,4.5,5,Benzo(a)Pyrene,0.23,mg/kg,,,N,Y,6,12/8/2006,SOIL,N,REG,Example Area
S2145,S2145C2,4.5,5,Benzene,2.1,mg/kg,,,N,Y,6,12/8/2006,SOIL,N,REG,Example Area
S2145,S2145C2,4.5,5,Lead,106,mg/kg,,,N,Y,6,12/8/2006,SOIL,N,REG,Example Area
S2145,S2145C2,4.5,5,Arsenic,30.3,mg/kg,,,N,Y,6,12/8/2006,SOIL,N,REG,Example Area
S2145,S2145E3,,,Benzo(a)Pyrene,0.16,mg/kg,U,U,N,N,6,12/8/2006,SOIL,N,REG,Example Area
S2145,S2145E3,,,Benzene,2.7,mg/kg,J,J,N,Y,6,12/8/2006,SOIL,N,REG,Example Area
S2145,S2145E3,,,Lead,10.4,mg/kg,,,N,Y,6,12/8/2006,SOIL,N,REG,Example Area
S2145,S2145E3,,,Arsenic,6.01,mg/kg,J,J,N,Y,6,12/8/2006,SOIL,N,REG,Example Area
S2180,S2180B2,2.5,3,Lead,134,ug/l,,J,Y,Y,8.1,10/30/2006,SOIL,N,REG,Example Area
S2180,S2180B2,2.5,3,Lead,68.1,mg/kg,,J,N,Y,8.1,10/30/2006,SOIL,N,REG,Example Area
S2180,S2180B2,2.5,3,Tetraethyl-lead,0.078,mg/kg,U,U,N,N,8.1,10/30/2006,SOIL,N,REG,Example Area
S2180,S2180C4,5.5,6,Benzo(a)Pyrene,0.043,mg/kg,U,U,N,N,8.1,10/30/2006,SOIL,N,REG,Example Area
S2180,S2180C4,5.5,6,Benzene,10,ug/l,U,U,Y,N,8.1,10/30/2006,SOIL,N,REG,Example Area
S2180,S2180C4,5.5,6,Benzene,0.097,mg/kg,J,J,N,Y,8.1,10/30/2006,SOIL,N,REG,Example Area
S2202,S2202B2,2.5,3,Benzene,10,ug/l,U,U,Y,N,7.5,11/6/2006,SOIL,N,REG,Example Area
S2202,S2202B2,2.5,3,Benzene,0.2,mg/kg,J,J,N,Y,7.5,11/6/2006,SOIL,N,REG,Example Area
S2203,S2203C3,5,5.5,Benzene,10,ug/l,U,U,Y,N,7.8,11/6/2006,SOIL,N,REG,Example Area
S2203,S2203C3,5,5.5,Benzene,0.46,mg/kg,J,J,N,Y,7.8,11/6/2006,SOIL,N,REG,Example Area
S2204,S2204B1,2,2.5,Benzene,10,ug/l,U,U,Y,N,7,11/6/2006,SOIL,N,REG,Example Area
S2204,S2204B1,2,2.5,Benzene,0.073,mg/kg,U,U,N,N,7,11/6/2006,SOIL,N,REG,Example Area
S2205,S2205A4,1.5,2,Benzo(a)Pyrene,1.9,mg/kg,J,J,N,Y,5.1,11/6/2006,SOIL,N,REG,Example Area
S2205,S2205A4,1.5,2,Benzene,3,mg/kg,,,N,Y,5.1,11/6/2006,SOIL,N,REG,Example Area
S2210,S2210A2,0.5,1,Benzene,11,ug/l,J,J,Y,Y,5.8,11/7/2006,SOIL,N,REG,Example Area
S2210,S2210A2,0.5,1,Benzene,0.97,mg/kg,,,N,Y,5.8,11/7/2006,SOIL,N,REG,Example Area
S2210,S2210A2,0.5,1,Lead,1890,mg/kg,,J,N,Y,5.8,11/7/2006,SOIL,N,REG,Example Area
S2210,S2210A2,0.5,1,Lead,13300,ug/l,,J,Y,Y,5.8,11/7/2006,SOIL,N,REG,Example Area
S2210,S2210A2,0.5,1,Tetraethyl-lead,0.38,mg/kg,U,U,N,N,5.8,11/7/2006,SOIL,N,REG,Example Area
S2212,S2212D1,6,6.5,Lead,1070,mg/kg,,,N,Y,10.5,11/9/2006,SOIL,N,REG,Example Area
S2212,S2212D1,6,6.5,Lead,5430,ug/l,,,Y,Y,10.5,11/9/2006,SOIL,N,REG,Example Area
S2212,S2212D1,6,6.5,Tetraethyl-lead,0.86,mg/kg,U,U,N,N,10.5,11/9/2006,SOIL,N,REG,Example Area
S2212,S2212F3,11,11.5,Benzene,26,ug/l,J,J,Y,Y,10.5,11/9/2006,SOIL,N,REG,Example Area
S2212,S2212F3,11,11.5,Benzene,6.8,mg/kg,,J,N,Y,10.5,11/9/2006,SOIL,N,REG,Example Area
S2221,S2221E1,8,8.5,Benzo(a)Pyrene,3,mg/kg,,,N,Y,10.3,11/13/2006,SOIL,N,REG,Example Area
S2221,S2221E1,8,8.5,Benzene,0.066,mg/kg,U,U,N,N,10.3,11/13/2006,SOIL,N,REG,Example Area
S2221,S2221E1,8,8.5,Benzene,10,ug/l,U,U,Y,N,10.3,11/13/2006,SOIL,N,REG,Example Area
S2221,S2221E1,8,8.5,Lead,108,mg/kg,,,N,Y,10.3,11/13/2006,SOIL,N,REG,Example Area
S2221,S2221E1,8,8.5,Lead,8,ug/l,J,J,Y,Y,10.3,11/13/2006,SOIL,N,REG,Example Area
S2221,S2221E1,8,8.5,Arsenic,10,ug/l,U,U,Y,N,10.3,11/13/2006,SOIL,N,REG,Example Area
S2221,S2221G2,12.5,13,Benzo(a)Pyrene,0.1,mg/kg,U,U,N,N,10.3,11/13/2006,SOIL,N,REG,Example Area
S2221,S2221G2,12.5,13,Benzene,11,mg/kg,,J,N,Y,10.3,11/13/2006,SOIL,N,REG,Example Area
S2221,S2221G2,12.5,13,Benzene,44,ug/l,J,J,Y,Y,10.3,11/13/2006,SOIL,N,REG,Example Area
S2221,S2221G2,12.5,13,Lead,51.9,mg/kg,,,N,Y,10.3,11/13/2006,SOIL,N,REG,Example Area
S2221,S2221G2,12.5,13,Lead,6.9,ug/l,U,U,Y,N,10.3,11/13/2006,SOIL,N,REG,Example Area
S2221,S2221G2,12.5,13,Arsenic,14.9,ug/l,J,J,Y,Y,10.3,11/13/2006,SOIL,N,REG,Example Area
S2221,S2221PPT2G2,12.5,13,Benzo(a)Pyrene,0.37,mg/kg,U,U,N,N,10.3,3/19/2009,SOIL,N,SP,Example Area
S2221,S2221PPT2G2,12.5,13,Benzene,10,ug/l,U,U,Y,N,10.3,3/19/2009,SOIL,N,SP,Example Area
S2221,S2221PPT2G2,12.5,13,Benzene,0.07,mg/kg,U,U,N,N,10.3,3/19/2009,SOIL,N,SP,Example Area
S2222,S2222E2,8.5,9,Benzo(a)Pyrene,4,mg/kg,,,N,Y,10.2,11/13/2006,SOIL,N,REG,Example Area
S2222,S2222E2,8.5,9,Benzene,0.25,mg/kg,J,J,N,Y,10.2,11/13/2006,SOIL,N,REG,Example Area
S2222,S2222E2,8.5,9,Benzene,10,ug/l,U,U,Y,N,10.2,11/13/2006,SOIL,N,REG,Example Area
S2222,S2222E2,8.5,9,Lead,401,mg/kg,,,N,Y,10.2,11/13/2006,SOIL,N,REG,Example Area
S2222,S2222E2,8.5,9,Lead,1270,ug/l,,,Y,Y,10.2,11/13/2006,SOIL,N,REG,Example Area
S2222,S2222E2,8.5,9,Arsenic,25.3,ug/l,,,Y,Y,10.2,11/13/2006,SOIL,N,REG,Example Area
S2222,S2222H1,14,14.5,Benzo(a)Pyrene,0.11,mg/kg,U,U,N,N,10.2,11/13/2006,SOIL,N,REG,Example Area
S2222,S2222H1,14,14.5,Benzene,2.8,mg/kg,,,N,Y,10.2,11/13/2006,SOIL,N,REG,Example Area
S2222,S2222H1,14,14.5,Benzene,11,ug/l,J,J,Y,Y,10.2,11/13/2006,SOIL,N,REG,Example Area
S2222,S2222H1,14,14.5,Lead,9.49,mg/kg,,,N,Y,10.2,11/13/2006,SOIL,N,REG,Example Area
S2222,S2222H1,14,14.5,Lead,6.9,ug/l,U,U,Y,N,10.2,11/13/2006,SOIL,N,REG,Example Area
S2222,S2222H1,14,14.5,Arsenic,10,ug/l,U,U,Y,N,10.2,11/13/2006,SOIL,N,REG,Example Area
S2223,S2223H1,14,14.5,Benzo(a)Pyrene,0.11,mg/kg,U,U,N,N,12,11/13/2006,SOIL,N,REG,Example Area
S2223,S2223H1,14,14.5,Benzene,0.87,mg/kg,J,J,N,Y,12,11/13/2006,SOIL,N,REG,Example Area
S2223,S2223H1,14,14.5,Benzene,10,ug/l,U,U,Y,N,12,11/13/2006,SOIL,N,REG,Example Area
S2223,S2223H1,14,14.5,Lead,27.9,mg/kg,,,N,Y,12,11/13/2006,SOIL,N,REG,Example Area
S2223,S2223H1,14,14.5,Lead,6.9,ug/l,U,U,Y,N,12,11/13/2006,SOIL,N,REG,Example Area
S2223,S2223H1,14,14.5,Arsenic,10,ug/l,U,U,Y,N,12,11/13/2006,SOIL,N,REG,Example Area
S2436,S2436D3,7,7.5,Benzene,5.7,mg/kg,,,N,Y,10,2/20/2007,SOIL,N,REG,Example Area
S2436,S2436E2,8.5,9,Lead,2100,mg/kg,,,N,Y,10,2/20/2007,SOIL,N,REG,Example Area
S2436,S2436F3,11,11.5,Lead,368,mg/kg,,,N,Y,10,2/20/2007,SOIL,N,REG,Example Area
S2436,S2436G2,12.5,13,Benzene,0.079,mg/kg,U,U,N,N,10,2/20/2007,SOIL,N,REG,Example Area
S2437,S2437D3,7,7.5,Lead,781,mg/kg,,,N,Y,10.5,2/20/2007,SOIL,N,REG,Example Area
S2437,S2437G1,12,12.5,Lead,38.9,mg/kg,,,N,Y,10.5,2/20/2007,SOIL,N,REG,Example Area
S2437,S2437G2,12.5,13,Lead,12.8,mg/kg,,,N,Y,10.5,2/20/2007,SOIL,N,REG,Example Area
S2437,S2437H2,14.5,15,Lead,7.29,mg/kg,,,N,Y,10.5,2/20/2007,SOIL,N,REG,Example Area
S2438,S2438C1,4,4.5,Benzene,0.43,mg/kg,J,J,N,Y,6,2/22/2007,SOIL,N,REG,Example Area
S2438,S2438D1,6,6.5,Benzene,0.15,mg/kg,J,J,N,Y,6,2/22/2007,SOIL,N,REG,Example Area
S2439,S2439E1,8,8.5,Benzene,0.078,mg/kg,U,U,N,N,5.8,2/21/2007,SOIL,N,REG,Example Area
S2440,S2440B3,3,3.5,Benzene,0.7,mg/kg,J,J,N,Y,5.7,2/21/2007,SOIL,N,REG,Example Area
S2440,S2440D1,6,6.5,Lead,198,mg/kg,,,N,Y,5.7,2/21/2007,SOIL,N,REG,Example Area
S2440,S2440D2,6.5,7,Benzene,0.075,mg/kg,U,U,N,N,5.7,2/21/2007,SOIL,N,REG,Example Area
S2440,D2210732,3,3.5,Benzene,0.54,mg/kg,J,J,N,Y,5.7,2/21/2007,SOIL,N,FD,Example Area
S2441,D221073,4,4.5,Lead,1840,mg/kg,,,N,Y,6.5,2/21/2007,SOIL,N,FD,Example Area
S2441,S2441B3,3,3.5,Benzene,0.22,mg/kg,J,J,N,Y,6.5,2/21/2007,SOIL,N,REG,Example Area
S2441,S2441C1,4,4.5,Lead,2150,mg/kg,,,N,Y,6.5,2/21/2007,SOIL,N,REG,Example Area
S2441,S2441C2,4.5,5,Benzene,0.39,mg/kg,J,J,N,Y,6.5,2/21/2007,SOIL,N,REG,Example Area
S2441,S2441D3,7,7.5,Lead,253,mg/kg,,,N,Y,6.5,2/21/2007,SOIL,N,REG,Example Area
S2445,S2445B2,2.5,3,Lead,148,mg/kg,,,N,Y,7.9,2/21/2007,SOIL,N,REG,Example Area
S2445,S2445B3,3,3.5,Benzene,0.15,mg/kg,J,J,N,Y,7.9,2/21/2007,SOIL,N,REG,Example Area
S2445,S2445B3,3,3.5,Lead,101,mg/kg,,,N,Y,7.9,2/21/2007,SOIL,N,REG,Example Area
S2445,S2445D4,7.5,8,Benzene,4.4,mg/kg,,J,N,Y,7.9,2/21/2007,SOIL,N,REG,Example Area
S2445,S2445E1,8,8.5,Lead,42.8,mg/kg,,,N,Y,7.9,2/21/2007,SOIL,N,REG,Example Area
S2447,S2447D3,7,7.5,Lead,592,mg/kg,,,N,Y,12,2/28/2007,SOIL,N,REG,Example Area
S2447,S2447F3,11,11.5,Lead,24.9,mg/kg,,,N,Y,12,2/28/2007,SOIL,N,REG,Example Area
S2449,S2449B4,3.5,4,Lead,250,mg/kg,,,N,Y,5.1,2/22/2007,SOIL,N,REG,Example Area
S2449,S2449D1,6,6.5,Benzene,0.77,mg/kg,J,J,N,Y,5.1,2/22/2007,SOIL,N,REG,Example Area
S2449,S2449D3,7,7.5,Benzene,5.1,mg/kg,,J,N,Y,5.1,2/22/2007,SOIL,N,REG,Example Area
S2449,S2449D4,7.5,8,Lead,18.5,mg/kg,,,N,Y,5.1,2/22/2007,SOIL,N,REG,Example Area
S2450,S2450A4,1.5,2,Lead,1940,mg/kg,,,N,Y,6.6,2/22/2007,SOIL,N,REG,Example Area
S2450,S2450B2,2.5,3,Benzene,0.38,mg/kg,J,J,N,Y,6.6,2/22/2007,SOIL,N,REG,Example Area
S2450,S2450D1,6,6.5,Benzene,0.068,mg/kg,U,U,N,N,6.6,2/22/2007,SOIL,N,REG,Example Area
S2450,S2450E2,8.5,9,Lead,15.8,mg/kg,,,N,Y,6.6,2/22/2007,SOIL,N,REG,Example Area
S2552,S2552B2,2.5,3,Lead,466,mg/kg,,,N,Y,8.5,2/23/2007,SOIL,N,REG,Example Area
S2552,S2552B3,3,3.5,Benzene,0.079,mg/kg,U,U,N,N,8.5,2/23/2007,SOIL,N,REG,Example Area
S2552,S2552C1,4,4.5,Benzene,0.073,mg/kg,U,U,N,N,8.5,2/23/2007,SOIL,N,REG,Example Area
S2552,S2552D4,7.5,8,Lead,11.8,mg/kg,,,N,Y,8.5,2/23/2007,SOIL,N,REG,Example Area
S2553,S2553A4,1.5,2,Lead,185,mg/kg,,,N,Y,8.1,2/23/2007,SOIL,N,REG,Example Area
S2553,S2553B2,2.5,3,Benzene,0.081,mg/kg,U,U,N,N,8.1,2/23/2007,SOIL,N,REG,Example Area
S2553,S2553B3,3,3.5,Lead,25.9,mg/kg,,,N,Y,8.1,2/23/2007,SOIL,N,REG,Example Area
S2553,S2553B4,3.5,4,Benzene,0.074,mg/kg,U,U,N,N,8.1,2/23/2007,SOIL,N,REG,Example Area
S2554,S2554B1,2,2.5,Lead,15600,mg/kg,,,N,Y,7.5,2/23/2007,SOIL,N,REG,Example Area
S2554,S2554B3,3,3.5,Benzene,0.23,mg/kg,J,J,N,Y,7.5,2/23/2007,SOIL,N,REG,Example Area
S2554,S2554D2,6.5,7,Benzene,0.066,mg/kg,U,U,N,N,7.5,2/23/2007,SOIL,N,REG,Example Area
S2554,S2554E1,8,8.5,Lead,27.4,mg/kg,,,N,Y,7.5,2/23/2007,SOIL,N,REG,Example Area
S2555,S2555B4,3.5,4,Lead,106,mg/kg,,,N,Y,7.2,2/23/2007,SOIL,N,REG,Example Area
S2555,S2555C1,4,4.5,Benzene,0.086,mg/kg,J,J,N,Y,7.2,2/23/2007,SOIL,N,REG,Example Area
S2555,S2555D2,6.5,7,Lead,20,mg/kg,,,N,Y,7.2,2/23/2007,SOIL,N,REG,Example Area
S2555,S2555D4,7.5,8,Benzene,0.071,mg/kg,U,U,N,N,7.2,2/23/2007,SOIL,N,REG,Example Area
S2556,S2556B3,3,3.5,Lead,25.6,mg/kg,,,N,Y,10.5,2/28/2007,SOIL,N,REG,Example Area
S2556,S2556C4,5.5,6,Lead,16.2,mg/kg,,,N,Y,10.5,2/28/2007,SOIL,N,REG,Example Area
S2557,S2557A3,1,1.5,Lead,317,mg/kg,,,N,Y,7.5,2/28/2007,SOIL,N,REG,Example Area
S2557,S2557B1,2,2.5,Benzene,4.3,mg/kg,,J,N,Y,7.5,2/28/2007,SOIL,N,REG,Example Area
S2557,S2557D2,6.5,7,Lead,14,mg/kg,,,N,Y,7.5,2/28/2007,SOIL,N,REG,Example Area
S2557,S2557D4,7.5,8,Benzene,0.11,mg/kg,J,J,N,Y,7.5,2/28/2007,SOIL,N,REG,Example Area
S2557,D228073,7.5,8,Benzene,6,mg/kg,,J,N,Y,7.5,2/28/2007,SOIL,N,FD,Example Area
S2557,D2280732,1,1.5,Lead,275,mg/kg,,,N,Y,7.5,2/28/2007,SOIL,N,FD,Example Area
S2603,S2603B3,3,3.5,Benzo(a)Pyrene,0.038,mg/kg,U,U,N,N,8.2,2/19/2009,SOIL,N,REG,Example Area
S2603,S2603B3,3,3.5,Benzene,0.072,mg/kg,U,U,N,N,8.2,2/19/2009,SOIL,N,REG,Example Area
S2603,S2603B3,3,3.5,Lead,14.9,mg/kg,,,N,Y,8.2,2/19/2009,SOIL,N,REG,Example Area
S2603,S2603B3,3,3.5,Arsenic,11.3,mg/kg,,,N,Y,8.2,2/19/2009,SOIL,N,REG,Example Area
S2603,S2603D1,6,6.5,Benzo(a)Pyrene,0.039,mg/kg,U,U,N,N,8.2,2/19/2009,SOIL,N,REG,Example Area
S2603,S2603D1,6,6.5,Benzene,0.074,mg/kg,U,U,N,N,8.2,2/19/2009,SOIL,N,REG,Example Area
S2603,S2603D1,6,6.5,Lead,16.5,mg/kg,,,N,Y,8.2,2/19/2009,SOIL,N,REG,Example Area
S2603,S2603D1,6,6.5,Arsenic,8.23,mg/kg,,,N,Y,8.2,2/19/2009,SOIL,N,REG,Example Area
S2603,D0219093,3,3.5,Benzo(a)Pyrene,0.038,mg/kg,U,U,N,N,8.2,2/19/2009,SOIL,N,FD,Example Area
S2603,D0219093,3,3.5,Lead,16.1,mg/kg,,,N,Y,8.2,2/19/2009,SOIL,N,FD,Example Area
S2603,D0219093,3,3.5,Arsenic,11.1,mg/kg,,,N,Y,8.2,2/19/2009,SOIL,N,FD,Example Area
S2604,S2604B3,3,3.5,Benzo(a)Pyrene,0.04,mg/kg,U,U,N,N,8.2,2/20/2009,SOIL,N,REG,Example Area
S2604,S2604B3,3,3.5,Benzene,0.073,mg/kg,U,U,N,N,8.2,2/20/2009,SOIL,N,REG,Example Area
S2604,S2604B3,3,3.5,Lead,7.98,mg/kg,,,N,Y,8.2,2/20/2009,SOIL,N,REG,Example Area
S2604,S2604B3,3,3.5,Arsenic,4.55,mg/kg,,,N,Y,8.2,2/20/2009,SOIL,N,REG,Example Area
S2604,S2604C4,5.5,6,Benzo(a)Pyrene,0.041,mg/kg,U,U,N,N,8.2,2/20/2009,SOIL,N,REG,Example Area
S2604,S2604C4,5.5,6,Benzene,0.17,mg/kg,J,J,N,Y,8.2,2/20/2009,SOIL,N,REG,Example Area
S2604,S2604C4,5.5,6,Lead,13.4,mg/kg,,,N,Y,8.2,2/20/2009,SOIL,N,REG,Example Area
S2604,S2604C4,5.5,6,Arsenic,9.04,mg/kg,,,N,Y,8.2,2/20/2009,SOIL,N,REG,Example Area
S2605,S2605D4,7.5,8,Benzo(a)Pyrene,0.038,mg/kg,U,U,N,N,8.1,2/23/2009,SOIL,N,REG,Example Area
S2605,S2605D4,7.5,8,Benzene,0.12,mg/kg,J,J,N,Y,8.1,2/23/2009,SOIL,N,REG,Example Area
S2605,S2605D4,7.5,8,Lead,8.13,mg/kg,,,N,Y,8.1,2/23/2009,SOIL,N,REG,Example Area
S2605,S2605D4,7.5,8,Arsenic,3.07,mg/kg,,,N,Y,8.1,2/23/2009,SOIL,N,REG,Example Area
S2605,S2605F3,11,11.5,Benzo(a)Pyrene,0.039,mg/kg,U,U,N,N,8.1,2/23/2009,SOIL,N,REG,Example Area
S2605,S2605F3,11,11.5,Benzene,0.072,mg/kg,U,U,N,N,8.1,2/23/2009,SOIL,N,REG,Example Area
S2605,S2605F3,11,11.5,Lead,4.53,mg/kg,,,N,Y,8.1,2/23/2009,SOIL,N,REG,Example Area
S2605,S2605F3,11,11.5,Arsenic,1.84,mg/kg,J,J,N,Y,8.1,2/23/2009,SOIL,N,REG,Example Area
S2661,S2661A2,0.5,1,Lead,5590,mg/kg,,,N,Y,7.34,5/15/2012,SOIL,N,REG,Example Area
S2661,S2661E2,8.5,9,Lead,8.84,mg/kg,,,N,Y,7.34,5/15/2012,SOIL,N,REG,Example Area
S2661,S2661D3,7,7.5,Lead,143,mg/kg,,,N,Y,7.34,5/16/2012,SOIL,N,REG,Example Area
S2661,S2661D3,7,7.5,Lead,2.2,ug/l,U,U,Y,N,7.34,5/16/2012,SOIL,N,REG,Example Area
S2661,S2661D3,7,7.5,Lead,350,ug/l,,,Y,Y,7.34,5/16/2012,SOIL,N,REG,Example Area
S2661,S2661A1,0,0.5,Lead,536000,ug/l,,,Y,Y,7.34,5/16/2012,SOIL,N,REG,Example Area
S2662,S2662D1,6,6.5,Lead,35.1,mg/kg,,,N,Y,7.88,5/11/2012,SOIL,N,REG,Example Area
S2662,S2662A4,1.5,2,Lead,1320,mg/kg,,,N,Y,7.88,5/14/2012,SOIL,N,REG,Example Area
S2662,S2662A4,1.5,2,Lead,5.9,ug/l,J,J,Y,Y,7.88,5/14/2012,SOIL,N,REG,Example Area
S2662,S2662A4,1.5,2,Lead,52600,ug/l,,,Y,Y,7.88,5/14/2012,SOIL,N,REG,Example Area
S2663,S2663E4,9.5,10,Lead,9.16,mg/kg,,,N,Y,7.27,5/15/2012,SOIL,N,REG,Example Area
S2663,D0515123,9.5,10,Lead,10.3,mg/kg,,,N,Y,7.27,5/15/2012,SOIL,N,FD,Example Area
S2663,S2663A3,1,1.5,Lead,20500,mg/kg,,,N,Y,7.27,5/16/2012,SOIL,N,REG,Example Area
S2663,S2663A3,1,1.5,Lead,147000,ug/l,,,Y,Y,7.27,5/16/2012,SOIL,N,REG,Example Area
S2663,S2663D3,7,7.5,Lead,162,mg/kg,,,N,Y,7.27,5/16/2012,SOIL,N,REG,Example Area
S2663,S2663D3,7,7.5,Lead,93.7,ug/l,,,Y,Y,7.27,5/16/2012,SOIL,N,REG,Example Area
S2663,S2663D3,7,7.5,Lead,1420,ug/l,,,Y,Y,7.27,5/16/2012,SOIL,N,REG,Example Area
S2664,S2664D2,6.5,7,Lead,48.4,mg/kg,,,N,Y,8.1,5/15/2012,SOIL,N,REG,Example Area
S2665,S2665B1,2,2.5,Lead,1930,mg/kg,,,N,Y,7.55,5/15/2012,SOIL,N,REG,Example Area
S2665,S2665B1,2,2.5,Lead,2.5,ug/l,J,J,Y,Y,7.55,5/15/2012,SOIL,N,REG,Example Area
S2665,S2665B1,2,2.5,Lead,3230,ug/l,,,Y,Y,7.55,5/15/2012,SOIL,N,REG,Example Area
S2665,S2665B2,2.5,3,Lead,26.6,mg/kg,,,N,Y,7.55,5/15/2012,SOIL,N,REG,Example Area
S2666,S2666B3,3,3.5,Lead,41.5,mg/kg,,,N,Y,8.32,5/15/2012,SOIL,N,REG,Example Area
S2667,S2667B3,3,3.5,Lead,47.4,mg/kg,,,N,Y,8.89,5/15/2012,SOIL,N,REG,Example Area
S2668,S2668B1,2,2.5,Lead,24,mg/kg,,,N,Y,8.29,5/15/2012,SOIL,N,REG,Example Area
S2669,S2669B3,3,3.5,Lead,58.3,mg/kg,,,N,Y,6.91,5/11/2012,SOIL,N,REG,Example Area
S2669,S2669D4,7.5,8,Lead,16.9,mg/kg,,,N,Y,6.91,5/11/2012,SOIL,N,REG,Example Area
S2669,S2669A1,0,0.5,Lead,1460,mg/kg,,,N,Y,6.91,5/14/2012,SOIL,N,REG,Example Area
S2669,S2669A1,0,0.5,Lead,2.2,ug/l,U,U,Y,N,6.91,5/14/2012,SOIL,N,REG,Example Area
S2669,S2669A1,0,0.5,Lead,5010,ug/l,,,Y,Y,6.91,5/14/2012,SOIL,N,REG,Example Area
S2669,D051420123,0,0.5,Lead,2120,mg/kg,,,N,Y,6.91,5/14/2012,SOIL,N,FD,Example Area
S2670,S2670B3,3,3.5,Lead,42.7,mg/kg,,,N,Y,6.84,5/11/2012,SOIL,N,REG,Example Area
S2670,S2670A1,0,0.5,Lead,1400,mg/kg,,,N,Y,6.84,5/14/2012,SOIL,N,REG,Example Area
S2670,S2670A1,0,0.5,Lead,3.5,ug/l,J,J,Y,Y,6.84,5/14/2012,SOIL,N,REG,Example Area
S2670,S2670A1,0,0.5,Lead,2900,ug/l,,,Y,Y,6.84,5/14/2012,SOIL,N,REG,Example Area
S2670,S2670A4,1.5,2,Lead,111,mg/kg,,,N,Y,6.84,5/14/2012,SOIL,N,REG,Example Area
S2670,S2670A4,1.5,2,Tetraethyl-lead,0.045,mg/kg,U,U,N,N,6.84,5/14/2012,SOIL,N,REG,Example Area
S2671,S2671E1,8,8.5,Lead,15.5,mg/kg,,,N,Y,6.56,5/11/2012,SOIL,N,REG,Example Area
S2671,S2671A1,0,0.5,Lead,3210,mg/kg,,,N,Y,6.56,5/14/2012,SOIL,N,REG,Example Area
S2671,S2671A1,0,0.5,Lead,13700,ug/l,,,Y,Y,6.56,5/14/2012,SOIL,N,REG,Example Area
S2671,S2671A2,0.5,1,Lead,2640,mg/kg,,,N,Y,6.56,5/14/2012,SOIL,N,REG,Example Area
S2671,S2671A2,0.5,1,Lead,2040,ug/l,,,Y,Y,6.56,5/14/2012,SOIL,N,REG,Example Area
S2671,S2671A2,0.5,1,Lead,16400,ug/l,,,Y,Y,6.56,5/14/2012,SOIL,N,REG,Example Area
S2671,S2671T,,,Lead,3010,mg/kg,,J,N,Y,6.56,9/10/2014,SOIL,N,REG,Example Area
S2671,S2671T,,,Lead,3000,ug/l,,,Y,Y,6.56,9/10/2014,SOIL,N,REG,Example Area
S2671,S2671TL,,,Lead,3370,mg/kg,,,N,Y,6.56,9/11/2014,SOIL,N,REG,Example Area
S2671,S2671TL,,,Lead,374,ug/l,,,Y,Y,6.56,9/11/2014,SOIL,N,REG,Example Area
S2671,S2671TL2,,,Lead,69.3,ug/l,,,Y,Y,6.56,9/11/2014,SOIL,N,REG,Example Area
S2672,S2672D3,7,7.5,Lead,14.4,mg/kg,,,N,Y,6.57,5/11/2012,SOIL,N,REG,Example Area
S2672,S2672A3,1,1.5,Lead,1640,mg/kg,,,N,Y,6.57,5/14/2012,SOIL,N,REG,Example Area
S2672,S2672A3,1,1.5,Lead,2.2,ug/l,U,U,Y,N,6.57,5/14/2012,SOIL,N,REG,Example Area
S2672,S2672A3,1,1.5,Lead,3660,ug/l,,,Y,Y,6.57,5/14/2012,SOIL,N,REG,Example Area
S2673,S2673A1,0,0.5,Lead,1420,mg/kg,,,N,Y,6.01,5/14/2012,SOIL,N,REG,Example Area
S2673,S2673A1,0,0.5,Lead,2.2,ug/l,U,U,Y,N,6.01,5/14/2012,SOIL,N,REG,Example Area
S2673,S2673A1,0,0.5,Lead,6460,ug/l,,,Y,Y,6.01,5/14/2012,SOIL,N,REG,Example Area
S2673,S2673D3,7,7.5,Lead,9.58,mg/kg,,,N,Y,6.01,5/14/2012,SOIL,N,REG,Example Area
S2729,S2729B4,3.5,4,Benzo(a)Pyrene,0.11,mg/kg,J,J,N,Y,6,10/22/2012,SOIL,N,REG,Example Area
S2729,S2729B4,3.5,4,Benzene,0.031,mg/kg,J,J,N,Y,6,10/22/2012,SOIL,N,REG,Example Area
S2729,S2729B4,3.5,4,Lead,61.5,mg/kg,,,N,Y,6,10/22/2012,SOIL,N,REG,Example Area
S2729,S2729B4,3.5,4,Arsenic,18.8,mg/kg,,,N,Y,6,10/22/2012,SOIL,N,REG,Example Area
S2729,S2729C2,4.5,5,Benzo(a)Pyrene,0.092,mg/kg,J,J,N,Y,6,10/22/2012,SOIL,N,REG,Example Area
S2729,S2729C2,4.5,5,Benzene,0.22,mg/kg,J,J,N,Y,6,10/22/2012,SOIL,N,REG,Example Area
S2729,S2729C2,4.5,5,Lead,125,mg/kg,,,N,Y,6,10/22/2012,SOIL,N,REG,Example Area
S2729,S2729C2,4.5,5,Arsenic,16.3,mg/kg,,,N,Y,6,10/22/2012,SOIL,N,REG,Example Area
S2729,S2729D4,7.5,8,Benzo(a)Pyrene,0.096,mg/kg,U,U,N,N,6,10/22/2012,SOIL,N,REG,Example Area
S2729,S2729D4,7.5,8,Benzene,2.7,mg/kg,,,N,Y,6,10/22/2012,SOIL,N,REG,Example Area
S2729,S2729D4,7.5,8,Lead,41.6,mg/kg,,,N,Y,6,10/22/2012,SOIL,N,REG,Example Area
S2729,S2729D4,7.5,8,Arsenic,32.9,mg/kg,,,N,Y,6,10/22/2012,SOIL,N,REG,Example Area
S2827,S2827A2,0.5,1,Benzo(a)Pyrene,1.3,mg/kg,,,N,Y,6.44,10/25/2012,SOIL,N,REG,Example Area
S2827,S2827A2,0.5,1,Benzene,0.0005,mg/kg,U,U,N,N,6.44,10/25/2012,SOIL,N,REG,Example Area
S2827,S2827A2,0.5,1,Lead,122,mg/kg,,J,N,Y,6.44,10/25/2012,SOIL,N,REG,Example Area
S2827,S2827A2,0.5,1,Arsenic,9.59,mg/kg,,J,N,Y,6.44,10/25/2012,SOIL,N,REG,Example Area
S2827,S2827A4,1.5,2,Benzo(a)Pyrene,2,mg/kg,,,N,Y,6.44,10/25/2012,SOIL,N,REG,Example Area
S2827,S2827A4,1.5,2,Benzene,0.32,mg/kg,,,N,Y,6.44,10/25/2012,SOIL,N,REG,Example Area
S2827,S2827A4,1.5,2,Lead,204,mg/kg,,,N,Y,6.44,10/25/2012,SOIL,N,REG,Example Area
S2827,S2827A4,1.5,2,Arsenic,40.1,mg/kg,,,N,Y,6.44,10/25/2012,SOIL,N,REG,Example Area
S2827,S2827C2,4.5,5,Benzo(a)Pyrene,0.011,mg/kg,J,J,N,Y,6.44,10/25/2012,SOIL,N,REG,Example Area
S2827,S2827C2,4.5,5,Benzene,0.0006,mg/kg,U,U,N,N,6.44,10/25/2012,SOIL,N,REG,Example Area
S2827,S2827C2,4.5,5,Lead,11.4,mg/kg,,,N,Y,6.44,10/25/2012,SOIL,N,REG,Example Area
S2827,S2827C2,4.5,5,Arsenic,3.64,mg/kg,,,N,Y,6.44,10/25/2012,SOIL,N,REG,Example Area
S2828,S2828A1,0,0.5,Benzo(a)Pyrene,0.51,mg/kg,,,N,Y,7.09,10/25/2012,SOIL,N,REG,Example Area
S2828,S2828A1,0,0.5,Benzene,0.002,mg/kg,J,J,N,Y,7.09,10/25/2012,SOIL,N,REG,Example Area
S2828,S2828A1,0,0.5,Lead,561,mg/kg,,,N,Y,7.09,10/25/2012,SOIL,N,REG,Example Area
S2828,S2828A1,0,0.5,Arsenic,14.6,mg/kg,,,N,Y,7.09,10/25/2012,SOIL,N,REG,Example Area
S2828,S2828B1,2,2.5,Benzo(a)Pyrene,1.2,mg/kg,,,N,Y,7.09,10/25/2012,SOIL,N,REG,Example Area
S2828,S2828B1,2,2.5,Benzene,0.051,mg/kg,J,J,N,Y,7.09,10/25/2012,SOIL,N,REG,Example Area
S2828,S2828B1,2,2.5,Lead,24.3,mg/kg,,,N,Y,7.09,10/25/2012,SOIL,N,REG,Example Area
S2828,S2828B1,2,2.5,Arsenic,2.74,mg/kg,,,N,Y,7.09,10/25/2012,SOIL,N,REG,Example Area
S2828,S2828E1,8,8.5,Benzo(a)Pyrene,0.004,mg/kg,U,U,N,N,7.09,10/25/2012,SOIL,N,REG,Example Area
S2828,S2828E1,8,8.5,Benzene,0.0006,mg/kg,U,U,N,N,7.09,10/25/2012,SOIL,N,REG,Example Area
S2828,S2828E1,8,8.5,Lead,10.3,mg/kg,,,N,Y,7.09,10/25/2012,SOIL,N,REG,Example Area
S2828,S2828E1,8,8.5,Arsenic,3.01,mg/kg,,,N,Y,7.09,10/25/2012,SOIL,N,REG,Example Area
S2905,S2905A4,1.5,2,Lead,889,mg/kg,,,N,Y,6,10/10/2012,SOIL,N,REG,Example Area
S2905,S2905A4,1.5,2,Arsenic,8.93,mg/kg,,,N,Y,6,10/10/2012,SOIL,N,REG,Example Area
S2980,S2980A2,0.5,1,Lead,10100,mg/kg,,,N,Y,7.7,9/11/2012,SOIL,N,REG,Example Area
S2980,S2980A2,0.5,1,Lead,93500,ug/l,,,Y,Y,7.7,9/11/2012,SOIL,N,REG,Example Area
S2980,S2980T,,,Lead,14100,mg/kg,,,N,Y,7.7,9/10/2014,SOIL,N,REG,Example Area
S2980,S2980T,,,Lead,111000,ug/l,,,Y,Y,7.7,9/10/2014,SOIL,N,REG,Example Area
S2980,S2980TL,,,Lead,12700,mg/kg,,,N,Y,7.7,9/11/2014,SOIL,N,REG,Example Area
S2980,S2980TL,,,Lead,128000,ug/l,,,Y,Y,7.7,9/11/2014,SOIL,N,REG,Example Area
S2980,S2980TL2,,,Lead,4190,ug/l,,,Y,Y,7.7,9/11/2014,SOIL,N,REG,Example Area
S2981,S2981A2,0.5,1,Lead,238,mg/kg,,,N,Y,7.9,9/11/2012,SOIL,N,REG,Example Area
S2982,S2982A3,1,1.5,Lead,115,mg/kg,,,N,Y,7.6,9/10/2012,SOIL,N,REG,Example Area
S2987,S2987A2,0.5,1,Lead,11300,mg/kg,,,N,Y,6,9/12/2012,SOIL,N,REG,Example Area
S2987,S2987A2,0.5,1,Lead,3840,ug/l,,,Y,Y,6,9/12/2012,SOIL,N,REG,Example Area
S2987,S2987A2,0.5,1,Tetraethyl-lead,0.48,mg/kg,U,U,N,N,6,9/12/2012,SOIL,N,REG,Example Area
S2987,S2987B4,3.5,4,Lead,163,mg/kg,,,N,Y,6,9/12/2012,SOIL,N,REG,Example Area
S2987,S2987B4,3.5,4,Lead,139,ug/l,,,Y,Y,6,9/12/2012,SOIL,N,REG,Example Area
S2988,S2988A1,0,0.5,Lead,1430,mg/kg,,,N,Y,6.4,9/12/2012,SOIL,N,REG,Example Area
S2988,S2988A1,0,0.5,Lead,3150,ug/l,,,Y,Y,6.4,9/12/2012,SOIL,N,REG,Example Area
S2988,S2988A1,0,0.5,Tetraethyl-lead,0.43,mg/kg,U,U,N,N,6.4,9/12/2012,SOIL,N,REG,Example Area
S2988,S2988B1,2,2.5,Lead,945,mg/kg,,,N,Y,6.4,9/12/2012,SOIL,N,REG,Example Area
S2988,S2988B1,2,2.5,Lead,1780,ug/l,,,Y,Y,6.4,9/12/2012,SOIL,N,REG,Example Area
S2988,S2988B1,2,2.5,Tetraethyl-lead,0.39,mg/kg,U,U,N,N,6.4,9/12/2012,SOIL,N,REG,Example Area
S2988,S2988B2,2.5,3,Lead,594,mg/kg,,,N,Y,6.4,9/12/2012,SOIL,N,REG,Example Area
S2989,S2989A2,0.5,1,Lead,972,mg/kg,,,N,Y,7.2,9/13/2012,SOIL,N,REG,Example Area
S2989,S2989A2,0.5,1,Lead,3600,ug/l,,,Y,Y,7.2,9/13/2012,SOIL,N,REG,Example Area
S2990,S2990A3,1,1.5,Lead,299,mg/kg,,,N,Y,7.98,9/11/2012,SOIL,N,REG,Example Area
S2991,S2991A3,1,1.5,Lead,2090,mg/kg,,,N,Y,7.88,9/11/2012,SOIL,N,REG,Example Area
S2991,S2991A3,1,1.5,Lead,6400,ug/l,,,Y,Y,7.88,9/11/2012,SOIL,N,REG,Example Area
S2992,S2992A4,1.5,2,Lead,1620,mg/kg,,J,N,Y,7.12,9/13/2012,SOIL,N,REG,Example Area
S2992,S2992A4,1.5,2,Lead,2800,ug/l,,,Y,Y,7.12,9/13/2012,SOIL,N,REG,Example Area
S2992,D0913123,1.5,2,Lead,112,mg/kg,,,N,Y,7.12,9/13/2012,SOIL,N,FD,Example Area
S2993,S2993A1,0,0.5,Lead,9890,mg/kg,,,N,Y,6.58,9/18/2012,SOIL,N,REG,Example Area
S2993,S2993A1,0,0.5,Lead,51000,ug/l,,,Y,Y,6.58,9/18/2012,SOIL,N,REG,Example Area
S2994,S2994A1,0,0.5,Lead,490,mg/kg,,J,N,Y,7.01,9/18/2012,SOIL,N,REG,Example Area
S2994,D0918123,0,0.5,Lead,1140,mg/kg,,,N,Y,7.01,9/18/2012,SOIL,N,FD,Example Area
S2995,S2995A1,0,0.5,Lead,1370,mg/kg,,,N,Y,6.42,9/19/2012,SOIL,N,REG,Example Area
S2995,S2995B1,2,2.5,Lead,1470,mg/kg,,,N,Y,6.42,9/19/2012,SOIL,N,REG,Example Area
S2995,S2995B1,2,2.5,Lead,4970,ug/l,,,Y,Y,6.42,9/19/2012,SOIL,N,REG,Example Area
S2996,S2996A2,0.5,1,Lead,8280,mg/kg,,,N,Y,7,9/19/2012,SOIL,N,SP,Example Area
S2996,S2996A2,0.5,1,Lead,15400,ug/l,,,Y,Y,7,9/19/2012,SOIL,N,SP,Example Area
S2996,S2996A2,0.5,1,Tetraethyl-lead,0.22,mg/kg,U,U,N,N,7,9/19/2012,SOIL,N,SP,Example Area
S2996,S2996B2,2.5,3,Lead,17.5,mg/kg,,,N,Y,7,9/19/2012,SOIL,N,SP,Example Area
S2996,S2996R1A1PRE,,,Lead,15200,mg/kg,,J+,N,Y,7,9/23/2013,SOIL,N,SP,Example Area
S2996,S2996R1A1PRE,,,Lead,8640,ug/l,,,Y,Y,7,9/23/2013,SOIL,N,SP,Example Area
S2996,S2996R1A1PRE,,,Lead,138000,ug/l,,,Y,Y,7,9/23/2013,SOIL,N,SP,Example Area
S2996,S2996-2K-2%EB-TS,,,Lead,130,ug/l,,,Y,Y,7,9/25/2013,SOIL,N,SP,Example Area
S2996,S2996-2K-2%EB-TS,,,Lead,4.7,ug/l,U,U,Y,N,7,9/25/2013,SOIL,N,SP,Example Area
S2996,S2996-2K-PPE,,,Lead,2990,mg/kg,,,N,Y,7,9/25/2013,SOIL,N,SP,Example Area
S2996,S2996-2K-PPE,,,Lead,7700,ug/l,,,Y,Y,7,9/25/2013,SOIL,N,SP,Example Area
S2996,S2996-2K-PPE,,,Lead,68.8,ug/l,,,Y,Y,7,9/25/2013,SOIL,N,SP,Example Area
S2996,S2996-3.5K-2%EB-TS,,,Lead,41600,ug/l,,,Y,Y,7,9/25/2013,SOIL,N,SP,Example Area
S2996,S2996-3.5K-2%EB-TS,,,Lead,4.7,ug/l,U,U,Y,N,7,9/25/2013,SOIL,N,SP,Example Area
S2996,S2996-3.5K-PRE,,,Lead,7820,mg/kg,,,N,Y,7,9/25/2013,SOIL,N,SP,Example Area
S2996,S2996-3.5K-PRE,,,Lead,48400,ug/l,,,Y,Y,7,9/25/2013,SOIL,N,SP,Example Area
S2996,S2996-3.5K-PRE,,,Lead,5700,ug/l,,,Y,Y,7,9/25/2013,SOIL,N,SP,Example Area
S2996,S2996-8K-2%EB-TS,,,Lead,2660,ug/l,,,Y,Y,7,9/25/2013,SOIL,N,SP,Example Area
S2996,S2996-8K-2%EB-TS,,,Lead,52.4,ug/l,,,Y,Y,7,9/25/2013,SOIL,N,SP,Example Area
S2996,S2996-8K-PRE,,,Lead,8640,mg/kg,,,N,Y,7,9/25/2013,SOIL,N,SP,Example Area
S2996,S2996-8K-PRE,,,Lead,103000,ug/l,,,Y,Y,7,9/25/2013,SOIL,N,SP,Example Area
S2996,S2996-8K-PRE,,,Lead,10300,ug/l,,,Y,Y,7,9/25/2013,SOIL,N,SP,Example Area
S2996,S2996R1-3.5K-2%EB-TS,,,Lead,4.7,ug/l,U,U,Y,N,7,10/9/2013,SOIL,N,SP,Example Area
S2996,S2996R1-3.5K-2%EB-TS,,,Lead,20.9,ug/l,,,Y,Y,7,10/9/2013,SOIL,N,SP,Example Area
S2996,S2996R1-3.5K-PRE-TS,,,Lead,4970,mg/kg,,J+,N,Y,7,10/9/2013,SOIL,N,SP,Example Area
S2996,S2996R1-3.5K-PRE-TS,,,Lead,50.9,ug/l,,,Y,Y,7,10/9/2013,SOIL,N,SP,Example Area
S2996,S2996R1-3.5K-PRE-TS,,,Lead,20700,ug/l,,,Y,Y,7,10/9/2013,SOIL,N,SP,Example Area
S2997,S2997A1,0,0.5,Lead,158,mg/kg,,,N,Y,6.9,9/19/2012,SOIL,N,REG,Example Area
S2998,S2998A2,0.5,1,Lead,2960,mg/kg,,,N,Y,7,9/19/2012,SOIL,N,REG,Example Area
S2998,S2998A2,0.5,1,Lead,11700,ug/l,,,Y,Y,7,9/19/2012,SOIL,N,REG,Example Area
S2998,S2998B2,2.5,3,Lead,1540,mg/kg,,,N,Y,7,9/19/2012,SOIL,N,REG,Example Area
S3971,D1202148A,,,Benzene,0.037,mg/kg,J,J,N,Y,5.8,12/2/2014,SOIL,N,FD,Example Area
S3971,S3971B3,3,3.5,Benzene,0.043,mg/kg,J,J,N,Y,5.8,12/2/2014,SOIL,N,REG,Example Area
S3973,S3973B2,2.5,3,Benzene,0.003,mg/kg,J,J,N,Y,9.8,1/30/2014,SOIL,N,REG,Example Area
S3973,S3973B4,3.5,4,Benzene,3.2,mg/kg,,J,N,Y,9.8,1/30/2014,SOIL,N,REG,Example Area
S3973,S3973C4,5.5,6,Benzene,3.2,mg/kg,J,J,N,Y,9.8,1/30/2014,SOIL,N,REG,Example Area
S3973,S3973E3,9,9.5,Benzene,0.001,mg/kg,J,J,N,Y,9.8,1/30/2014,SOIL,N,REG,Example Area
S3977,S3977B1,2,2.5,Benzene,0.003,mg/kg,J,J,N,Y,9.3,1/30/2014,SOIL,N,REG,Example Area
S3977,S3977C1,4,4.5,Benzene,0.003,mg/kg,J,J,N,Y,9.3,1/30/2014,SOIL,N,REG,Example Area
S3977,S3977D1,6,6.5,Benzene,0.25,mg/kg,J,J,N,Y,9.3,1/30/2014,SOIL,N,REG,Example Area
S3977,S3977E1,8,8.5,Benzene,0.0008,mg/kg,J,J,N,Y,9.3,1/30/2014,SOIL,N,REG,Example Area
S3978,S3978A1,0,0.5,Benzene,0.005,mg/kg,J,J,N,Y,7,12/1/2014,SOIL,N,REG,Example Area
S3978,S3978A3,1,1.5,Benzene,2,mg/kg,,J,N,Y,7,12/1/2014,SOIL,N,REG,Example Area
S3978,S3978B2,,,Benzene,0.2,mg/kg,J,J,N,Y,7,12/1/2014,SOIL,N,REG,Example Area
S3978,D1201148,,,Benzene,1.2,mg/kg,,J,N,Y,7,12/1/2014,SOIL,N,FD,Example Area
S3979,S3979A1,0,0.5,Benzene,0.037,mg/kg,U,UJ,N,N,7.1,12/1/2014,SOIL,N,REG,Example Area
S3979,S3979A4,1.5,2,Benzene,1.7,mg/kg,,J,N,Y,7.1,12/1/2014,SOIL,N,REG,Example Area
S3979,S3979B3,3,3.5,Benzene,0.027,mg/kg,J,J,N,Y,7.1,12/1/2014,SOIL,N,REG,Example Area
S4253,S4253C1,4,4.5,Arsenic,50.6,mg/kg,,,N,Y,11,3/18/2014,SOIL,N,REG,Example Area
S4253,S4253C1,4,4.5,Arsenic,56.7,ug/l,,,Y,Y,11,3/18/2014,SOIL,N,REG,Example Area
S4254,S4254B1,2,2.5,Arsenic,19.6,mg/kg,,J,N,Y,11.3,3/17/2014,SOIL,N,REG,Example Area
S4254,S4254B1,2,2.5,Arsenic,53.9,ug/l,,,Y,Y,11.3,3/17/2014,SOIL,N,REG,Example Area
S4255,S4255A4,1.5,2,Arsenic,9.14,mg/kg,,,N,Y,10.9,3/17/2014,SOIL,N,REG,Example Area
S4255,S4255A4,1.5,2,Arsenic,17.7,ug/l,,,Y,Y,10.9,3/17/2014,SOIL,N,REG,Example Area
S4408,S4408A1,0,0.5,Lead,20900,mg/kg,,,N,Y,7.6,5/14/2014,SOIL,N,REG,Example Area
S4408,S4408A1,0,0.5,Lead,393000,ug/l,,,Y,Y,7.6,5/14/2014,SOIL,N,REG,Example Area
S4408,S4408A1,0,0.5,Arsenic,5.39,mg/kg,,,N,Y,7.6,5/14/2014,SOIL,N,REG,Example Area
S4408,S4408A4,1.5,2,Lead,17.1,mg/kg,,,N,Y,7.6,5/14/2014,SOIL,N,REG,Example Area
S4408,S4408T,,,Lead,28400,mg/kg,,,N,Y,7.6,9/10/2014,SOIL,N,REG,Example Area
S4408,S4408T,,,Lead,391000,ug/l,,,Y,Y,7.6,9/10/2014,SOIL,N,REG,Example Area
S4408,S4408TL,,,Lead,29800,mg/kg,,,N,Y,7.6,9/11/2014,SOIL,N,REG,Example Area
S4408,S4408TL,,,Lead,349000,ug/l,,,Y,Y,7.6,9/11/2014,SOIL,N,REG,Example Area
S4408,S4408TL2,,,Lead,101000,ug/l,,,Y,Y,7.6,9/11/2014,SOIL,N,REG,Example Area
S4408,S4408TL4,,,Lead,450,ug/l,,,Y,Y,7.6,9/11/2014,SOIL,N,REG,Example Area
S4409,S4409A1,0,0.5,Lead,1460,mg/kg,,,N,Y,7.8,5/14/2014,SOIL,N,REG,Example Area
S4409,S4409A1,0,0.5,Lead,731,ug/l,,,Y,Y,7.8,5/14/2014,SOIL,N,REG,Example Area
S4409,S4409A1,0,0.5,Arsenic,14.3,mg/kg,,,N,Y,7.8,5/14/2014,SOIL,N,REG,Example Area
S4409,S4409A4,1.5,2,Lead,12.2,mg/kg,,,N,Y,7.8,5/14/2014,SOIL,N,REG,Example Area
S4410,S4410B3,3,3.5,Lead,367,mg/kg,,,N,Y,11,5/15/2014,SOIL,N,REG,Example Area
S4410,S4410D1,6,6.5,Lead,59.3,mg/kg,,,N,Y,11,5/15/2014,SOIL,N,REG,Example Area
S4410,S4410F1,10,10.5,Tetraethyl-lead,0.043,mg/kg,U,U,N,N,11,5/15/2014,SOIL,N,REG,Example Area
S4410,S4410R1C1,4,4.5,Lead,1170,mg/kg,,,N,Y,11,5/15/2014,SOIL,N,RE,Example Area
S4410,S4410R1C1,4,4.5,Lead,5010,ug/l,,,Y,Y,11,5/15/2014,SOIL,N,RE,Example Area
S4410,S4410R1C1,4,4.5,Arsenic,93.4,mg/kg,,,N,Y,11,5/15/2014,SOIL,N,RE,Example Area
S4411,S4411A1,0,0.5,Lead,41000,mg/kg,,,N,Y,7.6,5/15/2014,SOIL,N,REG,Example Area
S4411,S4411A1,0,0.5,Lead,519000,ug/l,,,Y,Y,7.6,5/15/2014,SOIL,N,REG,Example Area
S4411,S4411A1,0,0.5,Arsenic,17.3,mg/kg,,,N,Y,7.6,5/15/2014,SOIL,N,REG,Example Area
S4411,S4411A4,1.5,2,Lead,67.9,mg/kg,,,N,Y,7.6,5/15/2014,SOIL,N,REG,Example Area
S4411,S4411T,,,Lead,65700,mg/kg,,,N,Y,7.6,9/10/2014,SOIL,N,REG,Example Area
S4411,S4411T,,,Lead,496000,ug/l,,,Y,Y,7.6,9/10/2014,SOIL,N,REG,Example Area
S4411,S4411TL,,,Lead,58200,mg/kg,,,N,Y,7.6,9/11/2014,SOIL,N,REG,Example Area
S4411,S4411TL,,,Lead,437000,ug/l,,,Y,Y,7.6,9/11/2014,SOIL,N,REG,Example Area
S4411,S4411TL2,,,Lead,167000,ug/l,,,Y,Y,7.6,9/11/2014,SOIL,N,REG,Example Area
S4411,S4411TL4,,,Lead,44100,ug/l,,,Y,Y,7.6,9/11/2014,SOIL,N,REG,Example Area
S4411,S4411TL6,,,Lead,32.3,ug/l,,,Y,Y,7.6,9/11/2014,SOIL,N,REG,Example Area
S4412,S4412C3,5,5.5,Tetraethyl-lead,0.22,mg/kg,U,R,N,N,9.9,5/16/2014,SOIL,N,REG,Example Area
S4412,S4412D1,6,6.5,Lead,699,mg/kg,,J,N,Y,9.9,5/16/2014,SOIL,N,REG,Example Area
S4412,S4412D1,6,6.5,Arsenic,4.54,mg/kg,,J,N,Y,9.9,5/16/2014,SOIL,N,REG,Example Area
S4412,S4412D4,7.5,8,Lead,802,mg/kg,,J,N,Y,9.9,5/16/2014,SOIL,N,REG,Example Area
S4412,S4412D4,7.5,8,Lead,9560,ug/l,,J,Y,Y,9.9,5/16/2014,SOIL,N,REG,Example Area
S4412,S4412D4,7.5,8,Arsenic,3.22,mg/kg,,J,N,Y,9.9,5/16/2014,SOIL,N,REG,Example Area
S4412,S4412R1B4,3.5,4,Lead,317,mg/kg,,J,N,Y,9.9,5/16/2014,SOIL,N,RE ,Example Area
S4412,S4412R1E2,8.5,9,Lead,72.7,mg/kg,,J,N,Y,9.9,5/16/2014,SOIL,N,RE,Example Area
S4413,S4413D1,6,6.5,Lead,1.44,mg/kg,J,J,N,Y,10.9,5/16/2014,SOIL,N,REG,Example Area
S4413,S4413D3,7,7.5,Lead,2530,mg/kg,,J,N,Y,10.9,5/16/2014,SOIL,N,REG,Example Area
S4413,S4413D3,7,7.5,Lead,1030,ug/l,,J,Y,Y,10.9,5/16/2014,SOIL,N,REG,Example Area
S4413,S4413D3,7,7.5,Tetraethyl-lead,0.094,mg/kg,U,R,N,N,10.9,5/16/2014,SOIL,N,REG,Example Area
S4413,S4413E1,8,8.5,Lead,22.1,mg/kg,,J,N,Y,10.9,5/16/2014,SOIL,N,REG,Example Area
S4413,S4413E1,8,8.5,Tetraethyl-lead,0.043,mg/kg,U,U,N,N,10.9,5/16/2014,SOIL,N,REG,Example Area
S4414,S4414R1C3,5,5.5,Lead,83.3,mg/kg,,,N,Y,12,5/19/2014,SOIL,N,RE,Example Area
S4414,S4414R1D2,6.5,7,Lead,955,mg/kg,,,N,Y,12,5/19/2014,SOIL,N,RE,Example Area
S4414,S4414R1D2,6.5,7,Lead,3650,ug/l,,,Y,Y,12,5/19/2014,SOIL,N,RE,Example Area
S4414,S4414R1D2,6.5,7,Arsenic,78.8,mg/kg,,,N,Y,12,5/19/2014,SOIL,N,RE,Example Area
S4414,S4414R1E1,8,8.5,Lead,55.1,mg/kg,,,N,Y,12,5/19/2014,SOIL,N,RE,Example Area
S4455,S4455B2,2.5,3,Lead,48.5,mg/kg,,,N,Y,8.6,7/3/2014,SOIL,N,REG,Example Area
S4455,S4455D1,6,6.5,Lead,40.3,mg/kg,,,N,Y,8.6,7/3/2014,SOIL,N,REG,Example Area
S4455,S4455E2,8.5,9,Lead,11.3,mg/kg,,,N,Y,8.6,7/3/2014,SOIL,N,REG,Example Area
S4455,S4455R1B4,3.5,4,Lead,2100,mg/kg,,,N,Y,8.6,7/3/2014,SOIL,N,RE,Example Area
S4455,S4455R1B4,3.5,4,Lead,20000,ug/l,,,Y,Y,8.6,7/3/2014,SOIL,N,RE,Example Area
S4455,S4455R1B4,3.5,4,Arsenic,2.42,mg/kg,J,J,N,Y,8.6,7/3/2014,SOIL,N,RE,Example Area
S4455,S4455R1B4,3.5,4,Tetraethyl-lead,0.46,mg/kg,U,U,N,N,8.6,7/3/2014,SOIL,N,RE,Example Area
S4456,S4456B1,2,2.5,Lead,88.7,mg/kg,,,N,Y,12,7/3/2014,SOIL,N,REG,Example Area
S4456,S4456C3,5,5.5,Lead,29.9,mg/kg,,,N,Y,12,7/3/2014,SOIL,N,REG,Example Area
S4502,S4502C1,4,4.5,Lead,35.3,mg/kg,,,N,Y,11,7/29/2014,SOIL,N,REG,Example Area
S4502,S4502D1,6,6.5,Lead,261,mg/kg,,,N,Y,11,7/29/2014,SOIL,N,REG,Example Area
S4502,S4502D2,6.5,7,Lead,1300,mg/kg,,,N,Y,11,7/29/2014,SOIL,N,REG,Example Area
S4502,S4502D2,6.5,7,Lead,3650,ug/l,,,Y,Y,11,7/29/2014,SOIL,N,REG,Example Area
S4502,S4502D2,6.5,7,Arsenic,108,mg/kg,,,N,Y,11,7/29/2014,SOIL,N,REG,Example Area
S4502,S4502D4,7.5,8,Lead,43.2,mg/kg,,,N,Y,11,7/29/2014,SOIL,N,REG,Example Area
S4503,S4503D4,7.5,8,Lead,418,mg/kg,,,N,Y,10.5,7/29/2014,SOIL,N,REG,Example Area
S4503,S4503D4,7.5,8,Arsenic,23.6,mg/kg,,,N,Y,10.5,7/29/2014,SOIL,N,REG,Example Area
S4504,S4504R1C1,4,4.5,Lead,227,mg/kg,,,N,Y,11.3,7/29/2014,SOIL,N,RE,Example Area
S4504,S4504R1D1,6,6.5,Lead,322,mg/kg,,,N,Y,11.3,7/29/2014,SOIL,N,RE,Example Area
S4504,S4504R1D1,6,6.5,Arsenic,31.9,mg/kg,,,N,Y,11.3,7/29/2014,SOIL,N,RE,Example Area
S4505,S4505C1,4,4.5,Lead,18.7,mg/kg,,J,N,Y,11.6,7/30/2014,SOIL,N,REG,Example Area
S4505,D0730149,,,Lead,16.2,mg/kg,,,N,Y,11.6,7/30/2014,SOIL,N,FD,Example Area
S4505,S4505D2,6.5,7,Lead,575,mg/kg,,,N,Y,11.6,7/30/2014,SOIL,N,REG,Example Area
S4505,S4505D3,7,7.5,Lead,1050,mg/kg,,,N,Y,11.6,7/30/2014,SOIL,N,REG,Example Area
S4505,S4505D3,7,7.5,Lead,5160,ug/l,,,Y,Y,11.6,7/30/2014,SOIL,N,REG,Example Area
S4505,S4505D3,7,7.5,Arsenic,77.6,mg/kg,,,N,Y,11.6,7/30/2014,SOIL,N,REG,Example Area
S4505,S4505E2,8.5,9,Lead,59.4,mg/kg,,,N,Y,11.6,7/30/2014,SOIL,N,REG,Example Area
S4506,S4506A4,1.5,2,Lead,295,mg/kg,,,N,Y,12.6,7/30/2014,SOIL,N,REG,Example Area
S4506,S4506A4,1.5,2,Arsenic,32.9,mg/kg,,,N,Y,12.6,7/30/2014,SOIL,N,REG,Example Area
S4506,S4506D2,6.5,7,Lead,234,mg/kg,,,N,Y,12.6,7/30/2014,SOIL,N,REG,Example Area
S4507,S4507B1,2,2.5,Lead,48.4,mg/kg,,,N,Y,10.4,7/30/2014,SOIL,N,REG,Example Area
S4507,S4507R1B4,3.5,4,Lead,26.4,mg/kg,,,N,Y,10.4,7/30/2014,SOIL,N,RE,Example Area
S4518,S4518A1,0,0.5,Lead,389,mg/kg,,,N,Y,8.4,9/23/2014,SOIL,N,REG,Example Area
S4518,S4518A3,1,1.5,Lead,8.87,mg/kg,,,N,Y,8.4,9/23/2014,SOIL,N,REG,Example Area
S4518,D0923149,,,Lead,397,mg/kg,,,N,Y,8.4,9/23/2014,SOIL,N,FD,Example Area
S4519,S4519A2,0.5,1,Benzene,0.33,mg/kg,,,N,Y,6,9/26/2014,SOIL,N,REG,Example Area
S4519,S4519A2,0.5,1,Lead,28.4,mg/kg,,J,N,Y,6,9/26/2014,SOIL,N,REG,Example Area
S4519,S4519A2,0.5,1,Arsenic,35.9,mg/kg,,,N,Y,6,9/26/2014,SOIL,N,REG,Example Area
S4519,S4519A2,0.5,1,Tetraethyl-lead,0.41,mg/kg,U,U,N,N,6,9/26/2014,SOIL,N,REG,Example Area
S4519,S4519B1,2,2.5,Benzene,3,mg/kg,,,N,Y,6,9/26/2014,SOIL,N,REG,Example Area
S4519,S4519B1,2,2.5,Lead,13900,mg/kg,,,N,Y,6,9/26/2014,SOIL,N,REG,Example Area
S4519,S4519B1,2,2.5,Lead,127000,ug/l,,,Y,Y,6,9/26/2014,SOIL,N,REG,Example Area
S4519,S4519B1,2,2.5,Tetraethyl-lead,0.41,mg/kg,U,U,N,N,6,9/26/2014,SOIL,N,REG,Example Area
S4519,S4519B4,3.5,4,Benzene,0.58,mg/kg,,J,N,Y,6,9/26/2014,SOIL,N,REG,Example Area
S4519,S4519C1,4,4.5,Lead,330,mg/kg,,J,N,Y,6,9/26/2014,SOIL,N,REG,Example Area
S4519,S4519C1,4,4.5,Tetraethyl-lead,0.92,mg/kg,U,U,N,N,6,9/26/2014,SOIL,N,REG,Example Area
S4520,S4520A2,0.5,1,Lead,482,mg/kg,,,N,Y,7.2,9/26/2014,SOIL,N,REG,Example Area
S4520,S4520A2,0.5,1,Tetraethyl-lead,0.36,mg/kg,U,U,N,N,7.2,9/26/2014,SOIL,N,REG,Example Area
S4520,S4520A3,1,1.5,Benzene,0.37,mg/kg,,J,N,Y,7.2,9/26/2014,SOIL,N,REG,Example Area
S4520,S4520A4,1.5,2,Lead,649,mg/kg,,,N,Y,7.2,9/26/2014,SOIL,N,REG,Example Area
S4520,S4520A4,1.5,2,Arsenic,3.31,mg/kg,,,N,Y,7.2,9/26/2014,SOIL,N,REG,Example Area
S4520,S4520A4,1.5,2,Tetraethyl-lead,0.4,mg/kg,U,U,N,N,7.2,9/26/2014,SOIL,N,REG,Example Area
S4520,S4520B1,2,2.5,Benzene,1.4,mg/kg,,,N,Y,7.2,9/26/2014,SOIL,N,REG,Example Area
S4520,S4520B4,3.5,4,Benzene,0.69,mg/kg,,J,N,Y,7.2,9/26/2014,SOIL,N,REG,Example Area
S4520,S4520B4,3.5,4,Lead,35.4,mg/kg,,J,N,Y,7.2,9/26/2014,SOIL,N,REG,Example Area
S4520,S4520B4,3.5,4,Arsenic,3.05,mg/kg,,,N,Y,7.2,9/26/2014,SOIL,N,REG,Example Area
S4520,S4520B4,3.5,4,Tetraethyl-lead,0.41,mg/kg,U,U,N,N,7.2,9/26/2014,SOIL,N,REG,Example Area
S4520,S4520C2,4.5,5,Lead,149,mg/kg,,J,N,Y,7.2,9/26/2014,SOIL,N,REG,Example Area
S4534,S4534A2,0.5,1,Benzene,0.046,mg/kg,J,J,N,Y,6.8,10/7/2014,SOIL,N,REG,Example Area
S4534,S4534A3,1,1.5,Benzene,1.5,mg/kg,,J+,N,Y,6.8,10/7/2014,SOIL,N,REG,Example Area
S4534,S4534A3,1,1.5,Lead,1950,mg/kg,,,N,Y,6.8,10/7/2014,SOIL,N,REG,Example Area
S4534,S4534A3,1,1.5,Lead,6420,ug/l,,,Y,Y,6.8,10/7/2014,SOIL,N,REG,Example Area
S4534,S4534R1B3,3,3.5,Lead,712,mg/kg,,,N,Y,6.8,10/7/2014,SOIL,N,RE,Example Area
S4534,S4534R1C1,4,4.5,Benzene,3.5,mg/kg,,J,N,Y,6.8,10/7/2014,SOIL,N,RE,Example Area
S4534,S4534R1C1,4,4.5,Lead,15.4,mg/kg,,,N,Y,6.8,10/7/2014,SOIL,N,RE,Example Area
S4759,S4759A3,1,1.5,Tetraethyl-lead,0.23,mg/kg,U,U,N,N,7.2,5/14/2015,SOIL,N,REG,Example Area
S4759,S4759D3,7,7.5,Tetraethyl-lead,0.096,mg/kg,U,U,N,N,7.2,5/14/2015,SOIL,N,REG,Example Area
S4759,S4759E2,8.5,9,Tetraethyl-lead,0.039,mg/kg,U,U,N,N,7.2,5/14/2015,SOIL,N,REG,Example Area
S4760,S4760A3,1,1.5,Tetraethyl-lead,0.2,mg/kg,U,U,N,N,7,5/14/2015,SOIL,N,REG,Example Area
S4760,S4760C4,5.5,6,Tetraethyl-lead,0.067,mg/kg,U,U,N,N,7,5/14/2015,SOIL,N,REG,Example Area
S4760,S4760D4,7.5,8,Tetraethyl-lead,0.04,mg/kg,U,U,N,N,7,5/14/2015,SOIL,N,REG,Example Area
S4761,S4761A4,1.5,2,Tetraethyl-lead,0.04,mg/kg,U,U,N,N,7.2,5/14/2015,SOIL,N,REG,Example Area
S4761,S4761D1,6,6.5,Tetraethyl-lead,0.75,mg/kg,U,UJ,N,N,7.2,5/14/2015,SOIL,N,REG,Example Area
S4761,S4761D4,7.5,8,Tetraethyl-lead,0.039,mg/kg,U,U,N,N,7.2,5/14/2015,SOIL,N,REG,Example Area
S4786,S4786A4,1.5,2,Tetraethyl-lead,0.037,mg/kg,U,U,N,N,7.7,5/14/2015,SOIL,N,REG,Example Area
S4786,S4786D4,7.5,8,Tetraethyl-lead,0.13,mg/kg,U,UJ,N,N,7.7,5/14/2015,SOIL,N,REG,Example Area
SB-0040,SB-0040S-B,2,4,Benzo(a)Pyrene,9.3,mg/kg,U,,N,N,5.6,10/16/1995,SOIL,N,REG,Example Area
SB-0040,SB-0040S-B,2,4,Benzene,3.4,mg/kg,,,N,Y,5.6,10/16/1995,SOIL,N,REG,Example Area
SB-0040,SB-0040S-B,2,4,Lead,3030,mg/kg,,,N,Y,5.6,10/16/1995,SOIL,N,REG,Example Area
SB-0040,SB-0040S-B,2,4,Arsenic,7.6,mg/kg,,,N,Y,5.6,10/16/1995,SOIL,N,REG,Example Area
SB-0040,SB-0040S-B,2,4,Tetraethyl-lead,6.26,mg/kg,,,N,Y,5.6,10/16/1995,SOIL,N,REG,Example Area
